filename,purpose,locale,dimensions,format,bytes,duration_seconds,sha256,source_provenance,status,replacement
promo-assets/promo-app-store/large-display/terminal.jpg,large-display screenshot: terminal,en-US,1320x2868,jpg,398152,,c54fcfffc7f8aeb6a8244d0df543d75b97463244ce7de9e16891f5cd1c52d23b,Owner iPhone capture promo-assets/promo/IMG_7880.PNG; FFmpeg exact redaction and caption composition,ready-media; owner must confirm build match,Regenerate website/prepare-promo.py; retain originals and validate both display sets
promo-assets/promo-app-store/large-display/workspace.jpg,large-display screenshot: workspace,en-US,2868x1320,jpg,251890,,4d958d9fea20bd123cb81d2ee97d9df75577a297ae5e6c0b241794f97e043365,Owner iPhone capture promo-assets/promo/IMG_7887.PNG; FFmpeg exact redaction and caption composition,ready-media; owner must confirm build match,Regenerate website/prepare-promo.py; retain originals and validate both display sets
promo-assets/promo-app-store/large-display/files.jpg,large-display screenshot: files,en-US,1320x2868,jpg,177293,,2708993d809e1295a81029899805cb277d497f42689721861a77ac2f4cc317c2,Owner iPhone capture promo-assets/promo/IMG_7882.PNG; FFmpeg exact redaction and caption composition,ready-media; owner must confirm build match,Regenerate website/prepare-promo.py; retain originals and validate both display sets
promo-assets/promo-app-store/large-display/servers.jpg,large-display screenshot: servers,en-US,1320x2868,jpg,145714,,a4df6b4a01664a46d90d510a28cac5d9afa77935ea8ffd5cab8ff08b0afe7f27,Owner iPhone capture promo-assets/promo/IMG_7879.PNG; FFmpeg exact redaction and caption composition,ready-media; owner must confirm build match,Regenerate website/prepare-promo.py; retain originals and validate both display sets
promo-assets/promo-app-store/large-display/keys.jpg,large-display screenshot: keys,en-US,1320x2868,jpg,181443,,c5e8f7bf2f4b42b7036d36352b32999f8df834b1e05afa62e4f6a5ec97a9648f,Owner iPhone capture promo-assets/promo/IMG_7883.PNG; FFmpeg exact redaction and caption composition,ready-media; owner must confirm build match,Regenerate website/prepare-promo.py; retain originals and validate both display sets
promo-assets/promo-app-store/medium-display/terminal.jpg,medium-display screenshot: terminal,en-US,1179x2556,jpg,336631,,4155ab2e8a65c7e721a490860a9b1b9a39d25bff4f92e82734c99dfcb8313a0c,Owner iPhone capture promo-assets/promo/IMG_7880.PNG; FFmpeg exact redaction and caption composition,ready-media; owner must confirm build match,Regenerate website/prepare-promo.py; retain originals and validate both display sets
promo-assets/promo-app-store/medium-display/workspace.jpg,medium-display screenshot: workspace,en-US,2556x1179,jpg,222476,,728c76e3a4ed26dc5e494a01e8e2ba4c448812d64e8e31f614cf7774e6b83393,Owner iPhone capture promo-assets/promo/IMG_7887.PNG; FFmpeg exact redaction and caption composition,ready-media; owner must confirm build match,Regenerate website/prepare-promo.py; retain originals and validate both display sets
promo-assets/promo-app-store/medium-display/files.jpg,medium-display screenshot: files,en-US,1179x2556,jpg,149752,,fd79e4764f8ea4f17243a82631098dad6de3ca6ca9257c5e4f002313bbf9113e,Owner iPhone capture promo-assets/promo/IMG_7882.PNG; FFmpeg exact redaction and caption composition,ready-media; owner must confirm build match,Regenerate website/prepare-promo.py; retain originals and validate both display sets
promo-assets/promo-app-store/medium-display/servers.jpg,medium-display screenshot: servers,en-US,1179x2556,jpg,122742,,e2dcc593660ba11ba275152a01b901df506b9a00e0ee1848cf73d174a176914a,Owner iPhone capture promo-assets/promo/IMG_7879.PNG; FFmpeg exact redaction and caption composition,ready-media; owner must confirm build match,Regenerate website/prepare-promo.py; retain originals and validate both display sets
promo-assets/promo-app-store/medium-display/keys.jpg,medium-display screenshot: keys,en-US,1179x2556,jpg,152115,,a0c801715b3605748af9f1ace26b0a2976a240d454b5352059f7b42fcf368b27,Owner iPhone capture promo-assets/promo/IMG_7883.PNG; FFmpeg exact redaction and caption composition,ready-media; owner must confirm build match,Regenerate website/prepare-promo.py; retain originals and validate both display sets
promo-assets/promo-app-store/header/header.png,Apple creative header slot,en-US,3840x1646,png,5510321,,6eab5f96192080f91d2e4cb24599fd474494c10d6d88388214239cc3d4e59c09,"Existing app icon, ImageGen decorative background, genuine redacted captures; FFmpeg composition",ready-media,Regenerate promo-assets/prepare-creative.py
promo-assets/promo-app-store/search-results/search-results.png,Apple creative search-results slot,en-US,1920x1280,png,2293486,,1d95eb33e1c57a23d9407a98ddc228cb285e0a64c171dd6ac541186b12426912,"Existing app icon, ImageGen decorative background, genuine redacted captures; FFmpeg composition",ready-media,Regenerate promo-assets/prepare-creative.py
promo-assets/promo-app-store/app-preview/preview.mp4,Optional App Store preview (both Dynamic Island slots),en-US,886x1920,mp4,18523877,15.000000,042de933e64cfa6c56b2c42e4a0fc7e4d5b113d31a046ba7aeef0df5a342dd17,"Owner recording 1791468217117748.MP4 at 56–58,64–68,138–142s; exact FFmpeg masks, 2/3-speed playback",ready-media; owner must confirm build match,Regenerate promo-assets/prepare-app-store.py
promo-assets/promo-app-store/app-preview/poster.png,Preview poster reference at 5 seconds,en-US,886x1920,png,445720,,8c0d184303eda880757328ef4460deeaf0cd1db55c3001d3831a2f2a19da6779,Frame extracted from completed preview,ready-media; choose frame in Apple UI,Regenerate promo-assets/prepare-app-store.py
promo-assets/promo-app-store/icon/icon.png,1024px app icon reference; app bundle manages listing icon,en-US,1024x1024,png,1547329,,b499d71d3b530c8cc71488d7d1c6898d7dbc09910b76b25c60b529dd0c65bbbd,"Existing assets/icon.png; FFmpeg RGB export, no redesign",ready-media,Re-export existing icon only if brand source changes
promo-assets/web-social/social-preview.jpg,"Website/social sharing artwork, not Apple screenshot",en-US,1200x630,jpg,109584,,d7ecd74ed0ea0dbfe1ecd53a79a1dd46febbc449bc2ae4aa7e2db4f5f6dc7082,"Same licensed/supplied icon, decorative background and redacted app capture compositions",ready-media; outside Apple upload directory,Regenerate promo-assets/prepare-app-store.py
website/assets/media/files-promo.webp,Existing optimized website image/demo,en-US,540x1173,webp,30762,,999ec535d8859c8efcdcf2a8f8e206607c762da8c031cd91bd7ba97372fac8fc,Owner captures/recording; website/prepare-promo.py masks/compositions,ready-website-media; not Apple upload,Regenerate website/prepare-promo.py
website/assets/media/files.webp,Existing optimized website image/demo,en-US,540x1169,webp,31524,,47cca89cfef1f96c081745d174585eab41809558ccc5173980dd5136bf8e40c4,Owner captures/recording; website/prepare-promo.py masks/compositions,ready-website-media; not Apple upload,Regenerate website/prepare-promo.py
website/assets/media/keys-promo.webp,Existing optimized website image/demo,en-US,540x1173,webp,35124,,72f0d7599a19926ccb7a6ff36b966c54c9a71eb79d2d227aedf5f99bd6afedf1,Owner captures/recording; website/prepare-promo.py masks/compositions,ready-website-media; not Apple upload,Regenerate website/prepare-promo.py
website/assets/media/keys.webp,Existing optimized website image/demo,en-US,540x1169,webp,37420,,46b566c77f2478a77117bdf0f892ca76f044fc239bb4d5ae6feff46bfaf6de58,Owner captures/recording; website/prepare-promo.py masks/compositions,ready-website-media; not Apple upload,Regenerate website/prepare-promo.py
website/assets/media/servers-promo.webp,Existing optimized website image/demo,en-US,540x1173,webp,27008,,59a0a680595466b90fe8682f4622eb95d2631be7217e76d0b8cba314e85fec6a,Owner captures/recording; website/prepare-promo.py masks/compositions,ready-website-media; not Apple upload,Regenerate website/prepare-promo.py
website/assets/media/servers.webp,Existing optimized website image/demo,en-US,540x1169,webp,25924,,17578149d76ed6ef52e0212981fdfd3a81dfa2aa1ad658b3cede2c54eb466477,Owner captures/recording; website/prepare-promo.py masks/compositions,ready-website-media; not Apple upload,Regenerate website/prepare-promo.py
website/assets/media/terminal-promo.webp,Existing optimized website image/demo,en-US,540x1173,webp,81750,,34004615c28ea05aa355aae599a999844840c1c3990f9ee3ce02169a7c2a377f,Owner captures/recording; website/prepare-promo.py masks/compositions,ready-website-media; not Apple upload,Regenerate website/prepare-promo.py
website/assets/media/terminal.webp,Existing optimized website image/demo,en-US,540x1169,webp,101768,,554c9a916844c52f2905f7dd08a7e8f28d5cdae72c0d5d098b853a2432a72084,Owner captures/recording; website/prepare-promo.py masks/compositions,ready-website-media; not Apple upload,Regenerate website/prepare-promo.py
website/assets/media/walkthrough-poster.webp,Existing optimized website image/demo,en-US,540x1240,webp,73100,,022777d8a21001184708781f865c63e61c00f7ca6d2c78a7fca31394dc50a2cc,Owner captures/recording; website/prepare-promo.py masks/compositions,ready-website-media; not Apple upload,Regenerate website/prepare-promo.py
website/assets/media/walkthrough.mp4,Existing optimized website image/demo,en-US,540x1240,mp4,211374,10.000000,53c2fddc57853b7772288848447bab7d049c7bec9412a23165defc2f0221beaf,Owner captures/recording; website/prepare-promo.py masks/compositions,ready-website-media; not Apple upload,Regenerate website/prepare-promo.py
website/assets/media/workspace-promo.webp,Existing optimized website image/demo,en-US,1000x460,webp,39102,,c9b3537ef0be9aa506bfb264e3ca5e226ee7a1ea79fee52757ca5dcc2f3819dc,Owner captures/recording; website/prepare-promo.py masks/compositions,ready-website-media; not Apple upload,Regenerate website/prepare-promo.py
website/assets/media/workspace.webp,Existing optimized website image/demo,en-US,1000x462,webp,45320,,7e3cf97d645dce8884c24aa327016d6a1aadc194549a57ef684eae2282171ddb,Owner captures/recording; website/prepare-promo.py masks/compositions,ready-website-media; not Apple upload,Regenerate website/prepare-promo.py
release/app-store/drafts/editor.svg,Optional editable screenshot slot,en-US,1320x2868,svg,950,,233e1cd707852eb72ecb1686891a53f36e66e61d5f456a60d48942b09090a6f4,Code-native typography and empty capture slot; no fabricated app UI,draft; never upload,Supply genuine capture per capture-checklist.md; compose with FFmpeg
release/app-store/drafts/snippets.svg,Optional editable screenshot slot,en-US,1320x2868,svg,962,,7c790799f017797cd62f66537ccf698935f42faa1cd8a082e3b34ff0e2d2906b,Code-native typography and empty capture slot; no fabricated app UI,draft; never upload,Supply genuine capture per capture-checklist.md; compose with FFmpeg
